StationName,ObservationDate,Year,Precipitation,PrecipitationRank
LOS ANGELES INTERNATIONAL AIRPORT CA US,00:00.0,1950,0.49,90
DETROIT CITY AIRPORT MI US,00:00.0,1950,0.96,61
CHICAGO MIDWAY AIRPORT IL US,00:00.0,1950,1.69,66
WASHINGTON REAGAN NATIONAL AIRPORT VA US,00:00.0,1950,1.28,41
WASHINGTON REAGAN NATIONAL AIRPORT VA US,00:00.0,1950,1.51,16
WASHINGTON REAGAN NATIONAL AIRPORT VA US,00:00.0,1950,1.47,20
WASHINGTON REAGAN NATIONAL AIRPORT VA US,00:00.0,1950,1.15,67
LOS ANGELES INTERNATIONAL AIRPORT CA US,00:00.0,1951,0.56,59
ATLANTA HARTSFIELD INTERNATIONAL AIRPORT GA US,00:00.0,1951,1.94,43
CHICAGO MIDWAY AIRPORT IL US,00:00.0,1951,1.5,76
DETROIT CITY AIRPORT MI US,00:00.0,1951,0.88,77
MIAMI INTERNATIONAL AIRPORT FL US,00:00.0,1951,2.55,21
ATLANTA HARTSFIELD INTERNATIONAL AIRPORT GA US,00:00.0,1951,1.9,47
WASHINGTON REAGAN NATIONAL AIRPORT VA US,00:00.0,1951,2.43,2
SAN FRANCISCO INTERNATIONAL AIRPORT CA US,00:00.0,1951,0.68,10
LOS ANGELES INTERNATIONAL AIRPORT CA US,00:00.0,1951,0.53,70
WASHINGTON REAGAN NATIONAL AIRPORT VA US,00:00.0,1952,1.06,98
MIAMI INTERNATIONAL AIRPORT FL US,00:00.0,1952,2.33,37
WASHINGTON REAGAN NATIONAL AIRPORT VA US,00:00.0,1952,2.27,4
BOSTON MA US,00:00.0,1952,1.63,81
WASHINGTON REAGAN NATIONAL AIRPORT VA US,00:00.0,1952,1.13,76
ATLANTA HARTSFIELD INTERNATIONAL AIRPORT GA US,00:00.0,1952,1.76,50
WASHINGTON REAGAN NATIONAL AIRPORT VA US,00:00.0,1952,1.15,67
MIAMI INTERNATIONAL AIRPORT FL US,00:00.0,1952,2.3,40
MIAMI INTERNATIONAL AIRPORT FL US,00:00.0,1952,2.15,59
MIAMI INTERNATIONAL AIRPORT FL US,00:00.0,1952,2.42,30
SAN FRANCISCO INTERNATIONAL AIRPORT CA US,00:00.0,1952,0.41,90
SAN FRANCISCO INTERNATIONAL AIRPORT CA US,00:00.0,1952,0.44,69
SAN FRANCISCO INTERNATIONAL AIRPORT CA US,00:00.0,1952,0.69,7
LOS ANGELES INTERNATIONAL AIRPORT CA US,00:00.0,1953,0.68,32
WASHINGTON REAGAN NATIONAL AIRPORT VA US,00:00.0,1953,1.18,61
MIAMI INTERNATIONAL AIRPORT FL US,00:00.0,1953,2.03,74
WASHINGTON REAGAN NATIONAL AIRPORT VA US,00:00.0,1953,2.31,3
WASHINGTON REAGAN NATIONAL AIRPORT VA US,00:00.0,1953,1.1,82
MIAMI INTERNATIONAL AIRPORT FL US,00:00.0,1953,2.23,48
LOS ANGELES INTERNATIONAL AIRPORT CA US,00:00.0,1954,0.85,20
LOS ANGELES INTERNATIONAL AIRPORT CA US,00:00.0,1954,0.52,76
LOS ANGELES INTERNATIONAL AIRPORT CA US,00:00.0,1954,1.06,7
MIAMI INTERNATIONAL AIRPORT FL US,00:00.0,1954,2.34,36
ATLANTA HARTSFIELD INTERNATIONAL AIRPORT GA US,00:00.0,1954,1.46,73
CHICAGO MIDWAY AIRPORT IL US,00:00.0,1954,1.36,93
DETROIT CITY AIRPORT MI US,00:00.0,1954,0.86,81
BOSTON MA US,00:00.0,1954,1.22,98
DETROIT CITY AIRPORT MI US,00:00.0,1954,0.88,77
CHICAGO MIDWAY AIRPORT IL US,00:00.0,1954,1.41,83
MIAMI INTERNATIONAL AIRPORT FL US,00:00.0,1954,2.07,69
BOSTON MA US,00:00.0,1955,1.6,83
DETROIT CITY AIRPORT MI US,00:00.0,1955,0.92,72
WASHINGTON REAGAN NATIONAL AIRPORT VA US,00:00.0,1955,1.58,11
BOSTON MA US,00:00.0,1955,1.2,100
PHILADELPHIA INTERNATIONAL AIRPORT PA US,00:00.0,1955,1.32,66
BOSTON MA US,00:00.0,1955,1.41,88
WASHINGTON REAGAN NATIONAL AIRPORT VA US,00:00.0,1955,1.23,53
SAN FRANCISCO INTERNATIONAL AIRPORT CA US,00:00.0,1956,0.48,50
LOS ANGELES INTERNATIONAL AIRPORT CA US,00:00.0,1956,0.53,70
PHILADELPHIA INTERNATIONAL AIRPORT PA US,00:00.0,1956,1.23,91
DETROIT CITY AIRPORT MI US,00:00.0,1956,1.55,7
DETROIT CITY AIRPORT MI US,00:00.0,1956,0.85,85
MIAMI INTERNATIONAL AIRPORT FL US,00:00.0,1957,2.95,10
CHICAGO MIDWAY AIRPORT IL US,00:00.0,1957,2.08,52
CHICAGO MIDWAY AIRPORT IL US,00:00.0,1957,1.83,57
PHILADELPHIA INTERNATIONAL AIRPORT PA US,00:00.0,1957,1.23,91
SAN FRANCISCO INTERNATIONAL AIRPORT CA US,00:00.0,1957,0.68,10
SAN FRANCISCO INTERNATIONAL AIRPORT CA US,00:00.0,1957,0.62,20
SAN FRANCISCO INTERNATIONAL AIRPORT CA US,00:00.0,1958,0.42,85
SAN FRANCISCO INTERNATIONAL AIRPORT CA US,00:00.0,1958,0.41,90
LOS ANGELES INTERNATIONAL AIRPORT CA US,00:00.0,1958,0.6,51
LOS ANGELES INTERNATIONAL AIRPORT CA US,00:00.0,1958,0.5,85
SAN FRANCISCO INTERNATIONAL AIRPORT CA US,00:00.0,1958,0.66,15
LOS ANGELES INTERNATIONAL AIRPORT CA US,00:00.0,1958,0.64,39
SAN FRANCISCO INTERNATIONAL AIRPORT CA US,00:00.0,1958,0.42,85
ATLANTA HARTSFIELD INTERNATIONAL AIRPORT GA US,00:00.0,1958,2.17,36
MIAMI INTERNATIONAL AIRPORT FL US,00:00.0,1958,2.26,44
PHILADELPHIA INTERNATIONAL AIRPORT PA US,00:00.0,1958,1.39,55
WASHINGTON REAGAN NATIONAL AIRPORT VA US,00:00.0,1958,1.62,10
ATLANTA HARTSFIELD INTERNATIONAL AIRPORT GA US,00:00.0,1958,1.44,75
DETROIT CITY AIRPORT MI US,00:00.0,1958,1.23,25
ATLANTA HARTSFIELD INTERNATIONAL AIRPORT GA US,00:00.0,1958,1.55,61
WASHINGTON REAGAN NATIONAL AIRPORT VA US,00:00.0,1959,1.14,73
MIAMI INTERNATIONAL AIRPORT FL US,00:00.0,1959,2.24,47
WASHINGTON REAGAN NATIONAL AIRPORT VA US,00:00.0,1959,1.55,12
MIAMI INTERNATIONAL AIRPORT FL US,00:00.0,1959,3.14,9
CHICAGO MIDWAY AIRPORT IL US,00:00.0,1959,1.67,67
CHICAGO MIDWAY AIRPORT IL US,00:00.0,1959,2.06,53
PHILADELPHIA INTERNATIONAL AIRPORT PA US,00:00.0,1959,1.47,41
WASHINGTON REAGAN NATIONAL AIRPORT VA US,00:00.0,1959,1.54,13
DETROIT CITY AIRPORT MI US,00:00.0,1959,1.11,46
DETROIT CITY AIRPORT MI US,00:00.0,1959,1.1,48
DETROIT CITY AIRPORT MI US,00:00.0,1959,0.87,80
DETROIT CITY AIRPORT MI US,00:00.0,1959,1.34,18
MIAMI INTERNATIONAL AIRPORT FL US,00:00.0,1959,3.29,7
DETROIT CITY AIRPORT MI US,00:00.0,1959,1.41,14
BOSTON MA US,00:00.0,1960,1.54,85
CHICAGO MIDWAY AIRPORT IL US,00:00.0,1960,1.83,57
PHILADELPHIA INTERNATIONAL AIRPORT PA US,00:00.0,1960,1.3,72
ATLANTA HARTSFIELD INTERNATIONAL AIRPORT GA US,00:00.0,1960,1.61,56
DETROIT CITY AIRPORT MI US,00:00.0,1960,0.9,74
MIAMI INTERNATIONAL AIRPORT FL US,00:00.0,1960,2.25,45
LOS ANGELES INTERNATIONAL AIRPORT CA US,00:00.0,1960,0.56,59
SAN FRANCISCO INTERNATIONAL AIRPORT CA US,00:00.0,1961,0.6,24
SAN FRANCISCO INTERNATIONAL AIRPORT CA US,00:00.0,1961,0.47,56
WASHINGTON REAGAN NATIONAL AIRPORT VA US,00:00.0,1961,1.31,36
PHILADELPHIA INTERNATIONAL AIRPORT PA US,00:00.0,1961,1.31,68
DETROIT CITY AIRPORT MI US,00:00.0,1961,0.97,58
ATLANTA HARTSFIELD INTERNATIONAL AIRPORT GA US,00:00.0,1961,1.3,99
WASHINGTON REAGAN NATIONAL AIRPORT VA US,00:00.0,1961,1.24,51
CHICAGO MIDWAY AIRPORT IL US,00:00.0,1961,1.37,92
DETROIT CITY AIRPORT MI US,00:00.0,1961,1.08,51
LOS ANGELES INTERNATIONAL AIRPORT CA US,00:00.0,1962,0.49,90
SAN FRANCISCO INTERNATIONAL AIRPORT CA US,00:00.0,1962,0.42,85
SAN FRANCISCO INTERNATIONAL AIRPORT CA US,00:00.0,1962,0.41,90
LOS ANGELES INTERNATIONAL AIRPORT CA US,00:00.0,1962,0.76,28
WASHINGTON REAGAN NATIONAL AIRPORT VA US,00:00.0,1962,1.08,90
PHILADELPHIA INTERNATIONAL AIRPORT PA US,00:00.0,1962,2.07,18
DETROIT CITY AIRPORT MI US,00:00.0,1962,0.86,81
CHICAGO MIDWAY AIRPORT IL US,00:00.0,1962,1.53,75
PHILADELPHIA INTERNATIONAL AIRPORT PA US,00:00.0,1962,1.45,46
MIAMI INTERNATIONAL AIRPORT FL US,00:00.0,1962,2,79
SAN FRANCISCO INTERNATIONAL AIRPORT CA US,00:00.0,1962,0.45,65
SAN FRANCISCO INTERNATIONAL AIRPORT CA US,00:00.0,1962,0.48,50
SAN FRANCISCO INTERNATIONAL AIRPORT CA US,00:00.0,1962,0.6,24
LOS ANGELES INTERNATIONAL AIRPORT CA US,00:00.0,1963,0.54,67
LOS ANGELES INTERNATIONAL AIRPORT CA US,00:00.0,1963,0.53,70
ATLANTA HARTSFIELD INTERNATIONAL AIRPORT GA US,00:00.0,1963,1.32,94
DETROIT CITY AIRPORT MI US,00:00.0,1963,1.17,32
WASHINGTON REAGAN NATIONAL AIRPORT VA US,00:00.0,1963,1.08,90
WASHINGTON REAGAN NATIONAL AIRPORT VA US,00:00.0,1963,1.24,51
DETROIT CITY AIRPORT MI US,00:00.0,1963,1,56
ATLANTA HARTSFIELD INTERNATIONAL AIRPORT GA US,00:00.0,1963,1.35,86
WASHINGTON REAGAN NATIONAL AIRPORT VA US,00:00.0,1963,1.25,43
WASHINGTON REAGAN NATIONAL AIRPORT VA US,00:00.0,1963,2.9,1
PHILADELPHIA INTERNATIONAL AIRPORT PA US,00:00.0,1963,1.54,29
SAN FRANCISCO INTERNATIONAL AIRPORT CA US,00:00.0,1964,0.87,2
MIAMI INTERNATIONAL AIRPORT FL US,00:00.0,1964,3.65,4
MIAMI INTERNATIONAL AIRPORT FL US,00:00.0,1964,2.13,61
SAN FRANCISCO INTERNATIONAL AIRPORT CA US,00:00.0,1964,0.44,69
WASHINGTON REAGAN NATIONAL AIRPORT VA US,00:00.0,1965,1.31,36
MIAMI INTERNATIONAL AIRPORT FL US,00:00.0,1965,2,79
MIAMI INTERNATIONAL AIRPORT FL US,00:00.0,1965,2.23,48
SAN FRANCISCO INTERNATIONAL AIRPORT CA US,00:00.0,1965,0.53,38
MIAMI INTERNATIONAL AIRPORT FL US,00:00.0,1966,2.01,78
ATLANTA HARTSFIELD INTERNATIONAL AIRPORT GA US,00:00.0,1966,1.45,74
CHICAGO MIDWAY AIRPORT IL US,00:00.0,1966,1.78,61
WASHINGTON REAGAN NATIONAL AIRPORT VA US,00:00.0,1966,1.14,73
PHILADELPHIA INTERNATIONAL AIRPORT PA US,00:00.0,1966,1.5,36
LOS ANGELES INTERNATIONAL AIRPORT CA US,00:00.0,1966,0.58,57
LOS ANGELES INTERNATIONAL AIRPORT CA US,00:00.0,1966,0.89,15
SAN FRANCISCO INTERNATIONAL AIRPORT CA US,00:00.0,1967,0.52,39
SAN FRANCISCO INTERNATIONAL AIRPORT CA US,00:00.0,1967,0.51,40
DETROIT CITY AIRPORT MI US,00:00.0,1967,0.84,90
CHICAGO MIDWAY AIRPORT IL US,00:00.0,1967,1.55,70
MIAMI INTERNATIONAL AIRPORT FL US,00:00.0,1967,2.29,41
CHICAGO MIDWAY AIRPORT IL US,00:00.0,1967,1.38,89
PHILADELPHIA INTERNATIONAL AIRPORT PA US,00:00.0,1967,1.66,24
PHILADELPHIA INTERNATIONAL AIRPORT PA US,00:00.0,1967,1.63,25
MIAMI INTERNATIONAL AIRPORT FL US,00:00.0,1967,2,79
LOS ANGELES INTERNATIONAL AIRPORT CA US,00:00.0,1967,0.66,35
LOS ANGELES INTERNATIONAL AIRPORT CA US,00:00.0,1967,0.8,23
LOS ANGELES INTERNATIONAL AIRPORT CA US,00:00.0,1967,0.97,10
LOS ANGELES INTERNATIONAL AIRPORT CA US,00:00.0,1967,0.82,22
SAN FRANCISCO INTERNATIONAL AIRPORT CA US,00:00.0,1967,0.61,22
SAN FRANCISCO INTERNATIONAL AIRPORT CA US,00:00.0,1968,0.41,90
LOS ANGELES INTERNATIONAL AIRPORT CA US,00:00.0,1968,0.78,26
LOS ANGELES INTERNATIONAL AIRPORT CA US,00:00.0,1968,0.89,15
MIAMI INTERNATIONAL AIRPORT FL US,00:00.0,1968,2.62,16
PHILADELPHIA INTERNATIONAL AIRPORT PA US,00:00.0,1968,1.95,19
CHICAGO MIDWAY AIRPORT IL US,00:00.0,1968,1.61,68
DETROIT CITY AIRPORT MI US,00:00.0,1968,1.17,32
ATLANTA HARTSFIELD INTERNATIONAL AIRPORT GA US,00:00.0,1968,1.3,99
LOS ANGELES INTERNATIONAL AIRPORT CA US,00:00.0,1969,0.72,30
LOS ANGELES INTERNATIONAL AIRPORT CA US,00:00.0,1969,0.59,52
LOS ANGELES INTERNATIONAL AIRPORT CA US,00:00.0,1969,0.61,44
ATLANTA HARTSFIELD INTERNATIONAL AIRPORT GA US,00:00.0,1969,2.3,33
PHILADELPHIA INTERNATIONAL AIRPORT PA US,00:00.0,1969,1.36,60
CHICAGO MIDWAY AIRPORT IL US,00:00.0,1969,1.55,70
WASHINGTON REAGAN NATIONAL AIRPORT VA US,00:00.0,1969,1.14,73
SAN FRANCISCO INTERNATIONAL AIRPORT CA US,00:00.0,1970,0.56,33
CHICAGO MIDWAY AIRPORT IL US,00:00.0,1970,1.75,62
WASHINGTON REAGAN NATIONAL AIRPORT VA US,00:00.0,1970,1.17,63
WASHINGTON REAGAN NATIONAL AIRPORT VA US,00:00.0,1970,1.44,26
WASHINGTON REAGAN NATIONAL AIRPORT VA US,00:00.0,1970,1.39,29
SAN FRANCISCO INTERNATIONAL AIRPORT CA US,00:00.0,1970,0.57,31
SAN FRANCISCO INTERNATIONAL AIRPORT CA US,00:00.0,1971,0.46,57
MIAMI INTERNATIONAL AIRPORT FL US,00:00.0,1971,2,79
MIAMI INTERNATIONAL AIRPORT FL US,00:00.0,1971,2.5,25
PHILADELPHIA INTERNATIONAL AIRPORT PA US,00:00.0,1971,1.21,98
WASHINGTON REAGAN NATIONAL AIRPORT VA US,00:00.0,1971,1.5,18
DETROIT CITY AIRPORT MI US,00:00.0,1971,0.85,85
LOS ANGELES INTERNATIONAL AIRPORT CA US,00:00.0,1971,0.5,85
LOS ANGELES INTERNATIONAL AIRPORT CA US,00:00.0,1971,0.49,90
WASHINGTON REAGAN NATIONAL AIRPORT VA US,00:00.0,1972,1.1,82
WASHINGTON REAGAN NATIONAL AIRPORT VA US,00:00.0,1972,1.2,59
WASHINGTON REAGAN NATIONAL AIRPORT VA US,00:00.0,1972,1.25,43
WASHINGTON REAGAN NATIONAL AIRPORT VA US,00:00.0,1972,1.65,8
DETROIT CITY AIRPORT MI US,00:00.0,1972,0.95,67
CHICAGO MIDWAY AIRPORT IL US,00:00.0,1972,1.38,89
MIAMI INTERNATIONAL AIRPORT FL US,00:00.0,1972,1.95,94
CHICAGO MIDWAY AIRPORT IL US,00:00.0,1972,2.32,50
SAN FRANCISCO INTERNATIONAL AIRPORT CA US,00:00.0,1972,0.45,65
LOS ANGELES INTERNATIONAL AIRPORT CA US,00:00.0,1972,1.57,5
ATLANTA HARTSFIELD INTERNATIONAL AIRPORT GA US,00:00.0,1973,1.33,91
SAN FRANCISCO INTERNATIONAL AIRPORT CA US,00:00.0,1973,0.76,4
LOS ANGELES INTERNATIONAL AIRPORT CA US,00:00.0,1973,0.65,37
ATLANTA HARTSFIELD INTERNATIONAL AIRPORT GA US,00:00.0,1973,1.37,83
CHICAGO MIDWAY AIRPORT IL US,00:00.0,1973,1.31,96
SAN FRANCISCO INTERNATIONAL AIRPORT CA US,00:00.0,1973,0.51,40
SAN FRANCISCO INTERNATIONAL AIRPORT CA US,00:00.0,1973,0.67,13
SAN FRANCISCO INTERNATIONAL AIRPORT CA US,00:00.0,1973,0.45,65
MIAMI INTERNATIONAL AIRPORT FL US,00:00.0,1974,3.33,6
MIAMI INTERNATIONAL AIRPORT FL US,00:00.0,1974,2.6,20
WASHINGTON REAGAN NATIONAL AIRPORT VA US,00:00.0,1974,1.07,95
PHILADELPHIA INTERNATIONAL AIRPORT PA US,00:00.0,1974,1.44,47
WASHINGTON REAGAN NATIONAL AIRPORT VA US,00:00.0,1974,1.15,67
LOS ANGELES INTERNATIONAL AIRPORT CA US,00:00.0,1974,0.86,19
SAN FRANCISCO INTERNATIONAL AIRPORT CA US,00:00.0,1974,0.43,73
SAN FRANCISCO INTERNATIONAL AIRPORT CA US,00:00.0,1975,0.77,3
SAN FRANCISCO INTERNATIONAL AIRPORT CA US,00:00.0,1975,0.48,50
SAN FRANCISCO INTERNATIONAL AIRPORT CA US,00:00.0,1975,0.43,73
SAN FRANCISCO INTERNATIONAL AIRPORT CA US,00:00.0,1975,0.46,57
CHICAGO MIDWAY AIRPORT IL US,00:00.0,1975,1.8,59
CHICAGO MIDWAY AIRPORT IL US,00:00.0,1975,1.5,76
WASHINGTON REAGAN NATIONAL AIRPORT VA US,00:00.0,1975,1.97,5
ATLANTA HARTSFIELD INTERNATIONAL AIRPORT GA US,00:00.0,1975,1.63,54
WASHINGTON REAGAN NATIONAL AIRPORT VA US,00:00.0,1975,1.45,25
WASHINGTON REAGAN NATIONAL AIRPORT VA US,00:00.0,1975,1.13,76
CHICAGO MIDWAY AIRPORT IL US,00:00.0,1976,1.8,59
CHICAGO MIDWAY AIRPORT IL US,00:00.0,1976,3.18,47
DETROIT CITY AIRPORT MI US,00:00.0,1976,1.11,46
DETROIT CITY AIRPORT MI US,00:00.0,1976,1.2,29
WASHINGTON REAGAN NATIONAL AIRPORT VA US,00:00.0,1976,1.35,30
LOS ANGELES INTERNATIONAL AIRPORT CA US,00:00.0,1976,0.87,18
SAN FRANCISCO INTERNATIONAL AIRPORT CA US,00:00.0,1976,0.43,73
LOS ANGELES INTERNATIONAL AIRPORT CA US,00:00.0,1976,0.55,64
SAN FRANCISCO INTERNATIONAL AIRPORT CA US,00:00.0,1977,0.73,5
MIAMI INTERNATIONAL AIRPORT FL US,00:00.0,1977,1.91,100
MIAMI INTERNATIONAL AIRPORT FL US,00:00.0,1977,2.79,12
MIAMI INTERNATIONAL AIRPORT FL US,00:00.0,1977,2.08,67
MIAMI INTERNATIONAL AIRPORT FL US,00:00.0,1977,2.27,43
CHICAGO MIDWAY AIRPORT IL US,00:00.0,1977,1.3,98
WASHINGTON REAGAN NATIONAL AIRPORT VA US,00:00.0,1977,1.06,98
ATLANTA HARTSFIELD INTERNATIONAL AIRPORT GA US,00:00.0,1977,1.51,65
SAN FRANCISCO INTERNATIONAL AIRPORT CA US,00:00.0,1978,0.61,22
LOS ANGELES INTERNATIONAL AIRPORT CA US,00:00.0,1978,0.61,44
LOS ANGELES INTERNATIONAL AIRPORT CA US,00:00.0,1978,0.55,64
SAN FRANCISCO INTERNATIONAL AIRPORT CA US,00:00.0,1978,0.56,33
LOS ANGELES INTERNATIONAL AIRPORT CA US,00:00.0,1978,0.64,39
LOS ANGELES INTERNATIONAL AIRPORT CA US,00:00.0,1978,0.52,76
LOS ANGELES INTERNATIONAL AIRPORT CA US,00:00.0,1978,1.01,8
SAN FRANCISCO INTERNATIONAL AIRPORT CA US,00:00.0,1978,0.67,13
DETROIT CITY AIRPORT MI US,00:00.0,1978,0.92,72
CHICAGO MIDWAY AIRPORT IL US,00:00.0,1978,2.57,48
ATLANTA HARTSFIELD INTERNATIONAL AIRPORT GA US,00:00.0,1978,1.48,70
WASHINGTON REAGAN NATIONAL AIRPORT VA US,00:00.0,1978,1.15,67
ATLANTA HARTSFIELD INTERNATIONAL AIRPORT GA US,00:00.0,1978,1.35,86
SAN FRANCISCO INTERNATIONAL AIRPORT CA US,00:00.0,1979,0.49,44
LOS ANGELES INTERNATIONAL AIRPORT CA US,00:00.0,1979,0.52,76
MIAMI INTERNATIONAL AIRPORT FL US,00:00.0,1979,1.97,89
MIAMI INTERNATIONAL AIRPORT FL US,00:00.0,1979,4.51,1
PHILADELPHIA INTERNATIONAL AIRPORT PA US,00:00.0,1979,1.62,26
CHICAGO MIDWAY AIRPORT IL US,00:00.0,1979,1.55,70
CHICAGO MIDWAY AIRPORT IL US,00:00.0,1979,1.44,80
ATLANTA HARTSFIELD INTERNATIONAL AIRPORT GA US,00:00.0,1979,1.75,51
SAN FRANCISCO INTERNATIONAL AIRPORT CA US,00:00.0,1979,0.69,7
LOS ANGELES INTERNATIONAL AIRPORT CA US,00:00.0,1980,0.59,52
LOS ANGELES INTERNATIONAL AIRPORT CA US,00:00.0,1980,0.64,39
LOS ANGELES INTERNATIONAL AIRPORT CA US,00:00.0,1980,0.49,90
LOS ANGELES INTERNATIONAL AIRPORT CA US,00:00.0,1980,0.51,81
SAN FRANCISCO INTERNATIONAL AIRPORT CA US,00:00.0,1980,0.6,24
LOS ANGELES INTERNATIONAL AIRPORT CA US,00:00.0,1980,0.49,90
SAN FRANCISCO INTERNATIONAL AIRPORT CA US,00:00.0,1980,0.66,15
MIAMI INTERNATIONAL AIRPORT FL US,00:00.0,1980,2.04,72
ATLANTA HARTSFIELD INTERNATIONAL AIRPORT GA US,00:00.0,1980,2.36,32
PHILADELPHIA INTERNATIONAL AIRPORT PA US,00:00.0,1980,1.54,29
DETROIT CITY AIRPORT MI US,00:00.0,1980,1.19,31
DETROIT CITY AIRPORT MI US,00:00.0,1980,0.83,93
DETROIT CITY AIRPORT MI US,00:00.0,1981,0.81,97
ATLANTA HARTSFIELD INTERNATIONAL AIRPORT GA US,00:00.0,1981,1.94,43
MIAMI INTERNATIONAL AIRPORT FL US,00:00.0,1981,1.93,98
SAN FRANCISCO INTERNATIONAL AIRPORT CA US,00:00.0,1981,0.46,57
LOS ANGELES INTERNATIONAL AIRPORT CA US,00:00.0,1981,0.53,70
SAN FRANCISCO INTERNATIONAL AIRPORT CA US,00:00.0,1981,0.49,44
LOS ANGELES INTERNATIONAL AIRPORT CA US,00:00.0,1982,0.52,76
SAN FRANCISCO INTERNATIONAL AIRPORT CA US,00:00.0,1982,0.51,40
SAN FRANCISCO INTERNATIONAL AIRPORT CA US,00:00.0,1982,0.68,10
SAN FRANCISCO INTERNATIONAL AIRPORT CA US,00:00.0,1982,0.69,7
SAN FRANCISCO INTERNATIONAL AIRPORT CA US,00:00.0,1982,0.43,73
LOS ANGELES INTERNATIONAL AIRPORT CA US,00:00.0,1982,0.51,81
CHICAGO MIDWAY AIRPORT IL US,00:00.0,1982,1.7,64
WASHINGTON REAGAN NATIONAL AIRPORT VA US,00:00.0,1982,1.1,82
MIAMI INTERNATIONAL AIRPORT FL US,00:00.0,1982,2.32,38
CHICAGO MIDWAY AIRPORT IL US,00:00.0,1982,1.4,84
DETROIT CITY AIRPORT MI US,00:00.0,1982,1.66,4
SAN FRANCISCO INTERNATIONAL AIRPORT CA US,00:00.0,1982,0.58,30
LOS ANGELES INTERNATIONAL AIRPORT CA US,00:00.0,1983,0.5,85
SAN FRANCISCO INTERNATIONAL AIRPORT CA US,00:00.0,1983,0.57,31
SAN FRANCISCO INTERNATIONAL AIRPORT CA US,00:00.0,1983,0.48,50
LOS ANGELES INTERNATIONAL AIRPORT CA US,00:00.0,1983,0.49,90
LOS ANGELES INTERNATIONAL AIRPORT CA US,00:00.0,1983,0.84,21
WASHINGTON REAGAN NATIONAL AIRPORT VA US,00:00.0,1983,1.29,40
DETROIT CITY AIRPORT MI US,00:00.0,1983,1.53,8
MIAMI INTERNATIONAL AIRPORT FL US,00:00.0,1983,1.98,87
LOS ANGELES INTERNATIONAL AIRPORT CA US,00:00.0,1983,0.51,81
PHILADELPHIA INTERNATIONAL AIRPORT PA US,00:00.0,1983,1.56,28
LOS ANGELES INTERNATIONAL AIRPORT CA US,00:00.0,1983,0.5,85
SAN FRANCISCO INTERNATIONAL AIRPORT CA US,00:00.0,1983,0.48,50
SAN FRANCISCO INTERNATIONAL AIRPORT CA US,00:00.0,1983,0.46,57
MIAMI INTERNATIONAL AIRPORT FL US,00:00.0,1984,1.92,99
ATLANTA HARTSFIELD INTERNATIONAL AIRPORT GA US,00:00.0,1984,1.57,58
ATLANTA HARTSFIELD INTERNATIONAL AIRPORT GA US,00:00.0,1984,1.3,99
CHICAGO MIDWAY AIRPORT IL US,00:00.0,1984,1.7,64
MIAMI INTERNATIONAL AIRPORT FL US,00:00.0,1984,1.98,87
ATLANTA HARTSFIELD INTERNATIONAL AIRPORT GA US,00:00.0,1984,1.34,89
ATLANTA HARTSFIELD INTERNATIONAL AIRPORT GA US,00:00.0,1984,1.57,58
LOS ANGELES INTERNATIONAL AIRPORT CA US,00:00.0,1984,0.56,59
DETROIT CITY AIRPORT MI US,00:00.0,1985,1.95,2
ATLANTA HARTSFIELD INTERNATIONAL AIRPORT GA US,00:00.0,1985,1.48,70
BOSTON MA US,00:00.0,1985,2.03,80
MIAMI INTERNATIONAL AIRPORT FL US,00:00.0,1985,2.37,32
DETROIT CITY AIRPORT MI US,00:00.0,1985,1.25,22
MIAMI INTERNATIONAL AIRPORT FL US,00:00.0,1985,2.1,65
DETROIT CITY AIRPORT MI US,00:00.0,1985,1.04,53
DETROIT CITY AIRPORT MI US,00:00.0,1985,1.02,55
ATLANTA HARTSFIELD INTERNATIONAL AIRPORT GA US,00:00.0,1985,1.39,82
LOS ANGELES INTERNATIONAL AIRPORT CA US,00:00.0,1985,0.58,57
LOS ANGELES INTERNATIONAL AIRPORT CA US,00:00.0,1986,0.56,59
LOS ANGELES INTERNATIONAL AIRPORT CA US,00:00.0,1986,0.63,42
SAN FRANCISCO INTERNATIONAL AIRPORT CA US,00:00.0,1986,0.62,20
ATLANTA HARTSFIELD INTERNATIONAL AIRPORT GA US,00:00.0,1986,1.37,83
DETROIT CITY AIRPORT MI US,00:00.0,1986,0.93,70
DETROIT CITY AIRPORT MI US,00:00.0,1986,0.84,90
WASHINGTON REAGAN NATIONAL AIRPORT VA US,00:00.0,1986,1.17,63
DETROIT CITY AIRPORT MI US,00:00.0,1986,1.26,20
CHICAGO MIDWAY AIRPORT IL US,00:00.0,1986,1.5,76
CHICAGO MIDWAY AIRPORT IL US,00:00.0,1986,1.3,98
LOS ANGELES INTERNATIONAL AIRPORT CA US,00:00.0,1986,0.48,99
ATLANTA HARTSFIELD INTERNATIONAL AIRPORT GA US,00:00.0,1987,1.32,94
DETROIT CITY AIRPORT MI US,00:00.0,1987,1.32,19
MIAMI INTERNATIONAL AIRPORT FL US,00:00.0,1987,1.95,94
ATLANTA HARTSFIELD INTERNATIONAL AIRPORT GA US,00:00.0,1987,1.54,62
WASHINGTON REAGAN NATIONAL AIRPORT VA US,00:00.0,1987,1.25,43
ATLANTA HARTSFIELD INTERNATIONAL AIRPORT GA US,00:00.0,1987,1.44,75
LOS ANGELES INTERNATIONAL AIRPORT CA US,00:00.0,1987,0.54,67
SAN FRANCISCO INTERNATIONAL AIRPORT CA US,00:00.0,1987,0.48,50
WASHINGTON REAGAN NATIONAL AIRPORT VA US,00:00.0,1988,1.32,34
PHILADELPHIA INTERNATIONAL AIRPORT PA US,00:00.0,1988,1.69,21
PHILADELPHIA INTERNATIONAL AIRPORT PA US,00:00.0,1988,1.47,41
ATLANTA HARTSFIELD INTERNATIONAL AIRPORT GA US,00:00.0,1988,2.61,28
DETROIT CITY AIRPORT MI US,00:00.0,1988,1.06,52
PHILADELPHIA INTERNATIONAL AIRPORT PA US,00:00.0,1989,1.41,51
WASHINGTON REAGAN NATIONAL AIRPORT VA US,00:00.0,1989,1.31,36
PHILADELPHIA INTERNATIONAL AIRPORT PA US,00:00.0,1989,1.21,98
PHILADELPHIA INTERNATIONAL AIRPORT PA US,00:00.0,1989,1.21,98
PHILADELPHIA INTERNATIONAL AIRPORT PA US,00:00.0,1989,1.5,36
MIAMI INTERNATIONAL AIRPORT FL US,00:00.0,1989,1.97,89
CHICAGO MIDWAY AIRPORT IL US,00:00.0,1989,1.9,54
WASHINGTON REAGAN NATIONAL AIRPORT VA US,00:00.0,1989,1.09,88
ATLANTA HARTSFIELD INTERNATIONAL AIRPORT GA US,00:00.0,1989,1.82,48
SAN FRANCISCO INTERNATIONAL AIRPORT CA US,00:00.0,1989,0.54,37
ATLANTA HARTSFIELD INTERNATIONAL AIRPORT GA US,00:00.0,1990,1.32,94
SAN FRANCISCO INTERNATIONAL AIRPORT CA US,00:00.0,1990,0.41,90
WASHINGTON REAGAN NATIONAL AIRPORT VA US,00:00.0,1990,1.25,43
DETROIT CITY AIRPORT MI US,00:00.0,1990,1.1,48
WASHINGTON REAGAN NATIONAL AIRPORT VA US,00:00.0,1990,1.08,90
CHICAGO MIDWAY AIRPORT IL US,00:00.0,1991,1.4,84
DETROIT CITY AIRPORT MI US,00:00.0,1991,1.2,29
ATLANTA HARTSFIELD INTERNATIONAL AIRPORT GA US,00:00.0,1991,3.05,26
PHILADELPHIA INTERNATIONAL AIRPORT PA US,00:00.0,1991,1.26,81
MIAMI INTERNATIONAL AIRPORT FL US,00:00.0,1991,2.16,57
MIAMI INTERNATIONAL AIRPORT FL US,00:00.0,1991,2.49,26
MIAMI INTERNATIONAL AIRPORT FL US,00:00.0,1991,2.25,45
LOS ANGELES INTERNATIONAL AIRPORT CA US,00:00.0,1991,0.54,67
SAN FRANCISCO INTERNATIONAL AIRPORT CA US,00:00.0,1992,0.49,44
CHICAGO MIDWAY AIRPORT IL US,00:00.0,1992,1.3,98
ATLANTA HARTSFIELD INTERNATIONAL AIRPORT GA US,00:00.0,1992,1.7,52
PHILADELPHIA INTERNATIONAL AIRPORT PA US,00:00.0,1992,1.31,68
ATLANTA HARTSFIELD INTERNATIONAL AIRPORT GA US,00:00.0,1992,1.64,53
DETROIT CITY AIRPORT MI US,00:00.0,1992,0.9,74
MIAMI INTERNATIONAL AIRPORT FL US,00:00.0,1992,2.08,67
MIAMI INTERNATIONAL AIRPORT FL US,00:00.0,1992,3.93,3
SAN FRANCISCO INTERNATIONAL AIRPORT CA US,00:00.0,1992,0.46,57
SAN FRANCISCO INTERNATIONAL AIRPORT CA US,00:00.0,1993,0.42,85
SAN FRANCISCO INTERNATIONAL AIRPORT CA US,00:00.0,1993,0.43,73
SAN FRANCISCO INTERNATIONAL AIRPORT CA US,00:00.0,1993,0.41,90
LOS ANGELES INTERNATIONAL AIRPORT CA US,00:00.0,1993,0.89,15
SAN FRANCISCO INTERNATIONAL AIRPORT CA US,00:00.0,1993,0.43,73
LOS ANGELES INTERNATIONAL AIRPORT CA US,00:00.0,1993,0.95,14
LOS ANGELES INTERNATIONAL AIRPORT CA US,00:00.0,1993,0.53,70
CHICAGO MIDWAY AIRPORT IL US,00:00.0,1993,2.2,51
MIAMI INTERNATIONAL AIRPORT FL US,00:00.0,1993,2.52,24
MIAMI INTERNATIONAL AIRPORT FL US,00:00.0,1993,2.17,54
ATLANTA HARTSFIELD INTERNATIONAL AIRPORT GA US,00:00.0,1993,1.57,58
MIAMI INTERNATIONAL AIRPORT FL US,00:00.0,1993,2.47,27
MIAMI INTERNATIONAL AIRPORT FL US,00:00.0,1993,2,79
ATLANTA HARTSFIELD INTERNATIONAL AIRPORT GA US,00:00.0,1994,1.51,65
PHILADELPHIA INTERNATIONAL AIRPORT PA US,00:00.0,1994,1.21,98
PHILADELPHIA INTERNATIONAL AIRPORT PA US,00:00.0,1994,1.41,51
PHILADELPHIA INTERNATIONAL AIRPORT PA US,00:00.0,1994,1.5,36
ATLANTA HARTSFIELD INTERNATIONAL AIRPORT GA US,00:00.0,1994,2,40
MIAMI INTERNATIONAL AIRPORT FL US,00:00.0,1994,2.04,72
DETROIT CITY AIRPORT MI US,00:00.0,1994,1.1,48
MIAMI INTERNATIONAL AIRPORT FL US,00:00.0,1994,2.17,54
LOS ANGELES INTERNATIONAL AIRPORT CA US,00:00.0,1995,0.56,59
LOS ANGELES INTERNATIONAL AIRPORT CA US,00:00.0,1995,0.99,9
LOS ANGELES INTERNATIONAL AIRPORT CA US,00:00.0,1995,0.71,31
LOS ANGELES INTERNATIONAL AIRPORT CA US,00:00.0,1995,0.48,99
ATLANTA HARTSFIELD INTERNATIONAL AIRPORT GA US,00:00.0,1995,1.49,68
CHICAGO MIDWAY AIRPORT IL US,00:00.0,1996,1.4,84
WASHINGTON REAGAN NATIONAL AIRPORT VA US,00:00.0,1996,1.34,31
ATLANTA HARTSFIELD INTERNATIONAL AIRPORT GA US,00:00.0,1996,1.4,80
WASHINGTON REAGAN NATIONAL AIRPORT VA US,50:00.0,1997,1.17,63
MIAMI INTERNATIONAL AIRPORT FL US,00:00.0,1997,2.14,60
MIAMI INTERNATIONAL AIRPORT FL US,00:00.0,1997,2.22,50
SAN FRANCISCO INTERNATIONAL AIRPORT CA US,00:00.0,1997,0.49,44
SAN FRANCISCO INTERNATIONAL AIRPORT CA US,56:00.0,1997,0.43,73
SAN FRANCISCO INTERNATIONAL AIRPORT CA US,00:00.0,1997,0.43,73
SAN FRANCISCO INTERNATIONAL AIRPORT CA US,00:00.0,1997,0.41,90
LOS ANGELES INTERNATIONAL AIRPORT CA US,00:00.0,1997,0.68,32
LOS ANGELES INTERNATIONAL AIRPORT CA US,50:00.0,1997,0.51,81
LOS ANGELES INTERNATIONAL AIRPORT CA US,00:00.0,1997,0.61,44
SAN FRANCISCO INTERNATIONAL AIRPORT CA US,00:00.0,1998,0.49,44
LOS ANGELES INTERNATIONAL AIRPORT CA US,50:00.0,1998,0.48,99
MIAMI INTERNATIONAL AIRPORT FL US,00:00.0,1998,2.41,31
LOS ANGELES INTERNATIONAL AIRPORT CA US,50:00.0,1998,1.49,6
LOS ANGELES INTERNATIONAL AIRPORT CA US,00:00.0,1998,0.65,37
SAN FRANCISCO INTERNATIONAL AIRPORT CA US,00:00.0,1998,0.5,43
BOSTON MA US,00:00.0,1998,1.34,89
BOSTON MA US,00:00.0,1998,1.2,100
ATLANTA HARTSFIELD INTERNATIONAL AIRPORT GA US,53:00.0,1998,1.94,43
MIAMI INTERNATIONAL AIRPORT FL US,00:00.0,1998,1.99,85
CHICAGO MIDWAY AIRPORT IL US,00:00.0,1998,1.44,80
MIAMI INTERNATIONAL AIRPORT FL US,00:00.0,1998,1.96,91
LOS ANGELES INTERNATIONAL AIRPORT CA US,50:00.0,1998,0.5,85
WASHINGTON REAGAN NATIONAL AIRPORT VA US,51:00.0,1999,1.08,90
WASHINGTON REAGAN NATIONAL AIRPORT VA US,51:00.0,1999,1.84,7
BOSTON MA US,00:00.0,1999,1.31,94
LOS ANGELES INTERNATIONAL AIRPORT CA US,50:00.0,2000,0.68,32
LOS ANGELES INTERNATIONAL AIRPORT CA US,00:00.0,2000,0.61,44
LOS ANGELES INTERNATIONAL AIRPORT CA US,50:00.0,2000,0.61,44
MIAMI INTERNATIONAL AIRPORT FL US,00:00.0,2000,1.94,96
WASHINGTON REAGAN NATIONAL AIRPORT VA US,51:00.0,2000,1.13,76
WASHINGTON REAGAN NATIONAL AIRPORT VA US,00:00.0,2000,1.13,76
PHILADELPHIA INTERNATIONAL AIRPORT PA US,54:00.0,2000,2.43,16
PHILADELPHIA INTERNATIONAL AIRPORT PA US,00:00.0,2000,2.43,16
MIAMI INTERNATIONAL AIRPORT FL US,00:00.0,2000,2.73,14
CHICAGO MIDWAY AIRPORT IL US,53:00.0,2000,2.4,49
DETROIT CITY AIRPORT MI US,00:00.0,2000,1.6,5
PHILADELPHIA INTERNATIONAL AIRPORT PA US,54:00.0,2000,1.3,72
PHILADELPHIA INTERNATIONAL AIRPORT PA US,00:00.0,2000,1.3,72
MIAMI INTERNATIONAL AIRPORT FL US,00:00.0,2000,2.02,76
SAN FRANCISCO INTERNATIONAL AIRPORT CA US,00:00.0,2001,0.43,73
LOS ANGELES INTERNATIONAL AIRPORT CA US,50:00.0,2001,0.49,90
CHICAGO MIDWAY AIRPORT IL US,53:00.0,2001,1.5,76
CHICAGO MIDWAY AIRPORT IL US,53:00.0,2001,1.71,63
CHICAGO MIDWAY AIRPORT IL US,00:00.0,2001,1.4,84
MIAMI INTERNATIONAL AIRPORT FL US,56:00.0,2001,2.37,32
MIAMI INTERNATIONAL AIRPORT FL US,00:00.0,2001,2.37,32
MIAMI INTERNATIONAL AIRPORT FL US,00:00.0,2001,2.21,51
MIAMI INTERNATIONAL AIRPORT FL US,00:00.0,2001,1.94,96
SAN FRANCISCO INTERNATIONAL AIRPORT CA US,00:00.0,2001,0.59,28
SAN FRANCISCO INTERNATIONAL AIRPORT CA US,56:00.0,2001,0.41,90
SAN FRANCISCO INTERNATIONAL AIRPORT CA US,00:00.0,2001,0.41,90
WASHINGTON REAGAN NATIONAL AIRPORT VA US,38:00.0,2002,1.47,20
WASHINGTON REAGAN NATIONAL AIRPORT VA US,51:00.0,2002,1.52,14
WASHINGTON REAGAN NATIONAL AIRPORT VA US,00:00.0,2002,1.52,14
MIAMI INTERNATIONAL AIRPORT FL US,39:00.0,2002,2.37,32
MIAMI INTERNATIONAL AIRPORT FL US,56:00.0,2002,2.53,22
MIAMI INTERNATIONAL AIRPORT FL US,00:00.0,2002,2.53,22
BOSTON MA US,54:00.0,2002,6,32
ATLANTA HARTSFIELD INTERNATIONAL AIRPORT GA US,36:00.0,2002,1.3,99
ATLANTA HARTSFIELD INTERNATIONAL AIRPORT GA US,53:00.0,2002,1.32,94
CHICAGO MIDWAY AIRPORT IL US,09:00.0,2002,6,3
SAN FRANCISCO INTERNATIONAL AIRPORT CA US,00:00.0,2002,0.6,24
SAN FRANCISCO INTERNATIONAL AIRPORT CA US,00:00.0,2002,0.56,33
CHICAGO MIDWAY AIRPORT IL US,02:00.0,2002,6,3
CHICAGO MIDWAY AIRPORT IL US,09:00.0,2002,6,3
CHICAGO MIDWAY AIRPORT IL US,17:00.0,2002,6,3
CHICAGO MIDWAY AIRPORT IL US,28:00.0,2002,6,3
CHICAGO MIDWAY AIRPORT IL US,37:00.0,2002,6,3
SAN FRANCISCO INTERNATIONAL AIRPORT CA US,00:00.0,2002,0.46,57
SAN FRANCISCO INTERNATIONAL AIRPORT CA US,00:00.0,2002,0.59,28
SAN FRANCISCO INTERNATIONAL AIRPORT CA US,00:00.0,2002,0.43,73
CHICAGO MIDWAY AIRPORT IL US,33:00.0,2003,6,3
CHICAGO MIDWAY AIRPORT IL US,14:00.0,2003,6,3
CHICAGO MIDWAY AIRPORT IL US,53:00.0,2003,6,3
CHICAGO MIDWAY AIRPORT IL US,23:00.0,2003,6,3
CHICAGO MIDWAY AIRPORT IL US,25:00.0,2003,6,3
ATLANTA HARTSFIELD INTERNATIONAL AIRPORT GA US,53:00.0,2003,6,1
PHILADELPHIA INTERNATIONAL AIRPORT PA US,37:00.0,2003,6,1
CHICAGO MIDWAY AIRPORT IL US,33:00.0,2003,6,3
PHILADELPHIA INTERNATIONAL AIRPORT PA US,30:00.0,2003,6,1
PHILADELPHIA INTERNATIONAL AIRPORT PA US,36:00.0,2003,6,1
BOSTON MA US,54:00.0,2003,6,32
BOSTON MA US,54:00.0,2003,6,32
CHICAGO MIDWAY AIRPORT IL US,20:00.0,2003,6,3
LOS ANGELES INTERNATIONAL AIRPORT CA US,38:00.0,2003,0.48,99
LOS ANGELES INTERNATIONAL AIRPORT CA US,50:00.0,2003,0.55,64
PHILADELPHIA INTERNATIONAL AIRPORT PA US,44:00.0,2003,6,1
BOSTON MA US,54:00.0,2003,6,32
BOSTON MA US,54:00.0,2003,6,32
ATLANTA HARTSFIELD INTERNATIONAL AIRPORT GA US,53:00.0,2003,6,1
BOSTON MA US,54:00.0,2003,6,32
ATLANTA HARTSFIELD INTERNATIONAL AIRPORT GA US,53:00.0,2003,6,1
ATLANTA HARTSFIELD INTERNATIONAL AIRPORT GA US,53:00.0,2003,6,1
ATLANTA HARTSFIELD INTERNATIONAL AIRPORT GA US,53:00.0,2003,6,1
CHICAGO MIDWAY AIRPORT IL US,39:00.0,2003,6,3
LOS ANGELES INTERNATIONAL AIRPORT CA US,50:00.0,2003,0.49,90
ATLANTA HARTSFIELD INTERNATIONAL AIRPORT GA US,53:00.0,2003,6,1
ATLANTA HARTSFIELD INTERNATIONAL AIRPORT GA US,53:00.0,2003,6,1
ATLANTA HARTSFIELD INTERNATIONAL AIRPORT GA US,53:00.0,2003,1.34,89
CHICAGO MIDWAY AIRPORT IL US,16:00.0,2003,6,3
CHICAGO MIDWAY AIRPORT IL US,05:00.0,2003,6,3
CHICAGO MIDWAY AIRPORT IL US,24:00.0,2003,6,3
BOSTON MA US,54:00.0,2003,6,32
CHICAGO MIDWAY AIRPORT IL US,43:00.0,2003,6,3
CHICAGO MIDWAY AIRPORT IL US,53:00.0,2003,6,3
ATLANTA HARTSFIELD INTERNATIONAL AIRPORT GA US,53:00.0,2003,6,1
ATLANTA HARTSFIELD INTERNATIONAL AIRPORT GA US,53:00.0,2003,6,1
BOSTON MA US,54:00.0,2003,6,32
BOSTON MA US,54:00.0,2003,6,32
ATLANTA HARTSFIELD INTERNATIONAL AIRPORT GA US,53:00.0,2003,6,1
ATLANTA HARTSFIELD INTERNATIONAL AIRPORT GA US,18:00.0,2003,6,1
ATLANTA HARTSFIELD INTERNATIONAL AIRPORT GA US,40:00.0,2003,6,1
ATLANTA HARTSFIELD INTERNATIONAL AIRPORT GA US,53:00.0,2003,6,1
ATLANTA HARTSFIELD INTERNATIONAL AIRPORT GA US,53:00.0,2003,6,1
BOSTON MA US,54:00.0,2003,6,32
BOSTON MA US,54:00.0,2003,6,32
BOSTON MA US,54:00.0,2003,6,32
BOSTON MA US,54:00.0,2003,6,32
BOSTON MA US,54:00.0,2003,6,32
BOSTON MA US,54:00.0,2003,6,32
BOSTON MA US,54:00.0,2003,6,32
BOSTON MA US,54:00.0,2003,6,32
PHILADELPHIA INTERNATIONAL AIRPORT PA US,42:00.0,2003,6,1
BOSTON MA US,54:00.0,2003,6,32
WASHINGTON REAGAN NATIONAL AIRPORT VA US,51:00.0,2003,1.18,61
MIAMI INTERNATIONAL AIRPORT FL US,53:00.0,2003,1.96,91
MIAMI INTERNATIONAL AIRPORT FL US,00:00.0,2003,1.96,91
BOSTON MA US,54:00.0,2003,6,32
BOSTON MA US,54:00.0,2003,6,32
DETROIT CITY AIRPORT MI US,53:00.0,2003,0.81,97
BOSTON MA US,54:00.0,2003,6,32
BOSTON MA US,54:00.0,2003,6,32
BOSTON MA US,54:00.0,2003,6,32
CHICAGO MIDWAY AIRPORT IL US,10:00.0,2003,6,3
BOSTON MA US,54:00.0,2003,6,32
BOSTON MA US,54:00.0,2003,6,32
PHILADELPHIA INTERNATIONAL AIRPORT PA US,54:00.0,2003,6,1
MIAMI INTERNATIONAL AIRPORT FL US,39:00.0,2003,2.62,16
MIAMI INTERNATIONAL AIRPORT FL US,53:00.0,2003,2.74,13
BOSTON MA US,54:00.0,2003,6,32
BOSTON MA US,54:00.0,2003,6,32
BOSTON MA US,54:00.0,2003,6,32
ATLANTA HARTSFIELD INTERNATIONAL AIRPORT GA US,18:00.0,2003,6,1
PHILADELPHIA INTERNATIONAL AIRPORT PA US,54:00.0,2003,6,1
BOSTON MA US,54:00.0,2003,6,32
ATLANTA HARTSFIELD INTERNATIONAL AIRPORT GA US,53:00.0,2003,6,1
MIAMI INTERNATIONAL AIRPORT FL US,34:00.0,2003,2.11,64
MIAMI INTERNATIONAL AIRPORT FL US,41:00.0,2003,2.43,29
MIAMI INTERNATIONAL AIRPORT FL US,53:00.0,2003,2.61,18
MIAMI INTERNATIONAL AIRPORT FL US,00:00.0,2003,2.61,18
PHILADELPHIA INTERNATIONAL AIRPORT PA US,54:00.0,2003,6,1
CHICAGO MIDWAY AIRPORT IL US,26:00.0,2003,6,3
PHILADELPHIA INTERNATIONAL AIRPORT PA US,54:00.0,2003,6,1
CHICAGO MIDWAY AIRPORT IL US,22:00.0,2003,6,3
BOSTON MA US,54:00.0,2003,6,32
BOSTON MA US,54:00.0,2003,6,32
ATLANTA HARTSFIELD INTERNATIONAL AIRPORT GA US,53:00.0,2003,6,1
ATLANTA HARTSFIELD INTERNATIONAL AIRPORT GA US,53:00.0,2003,6,1
ATLANTA HARTSFIELD INTERNATIONAL AIRPORT GA US,53:00.0,2003,6,1
ATLANTA HARTSFIELD INTERNATIONAL AIRPORT GA US,53:00.0,2003,6,1
ATLANTA HARTSFIELD INTERNATIONAL AIRPORT GA US,53:00.0,2003,6,1
ATLANTA HARTSFIELD INTERNATIONAL AIRPORT GA US,53:00.0,2003,6,1
ATLANTA HARTSFIELD INTERNATIONAL AIRPORT GA US,53:00.0,2003,6,1
ATLANTA HARTSFIELD INTERNATIONAL AIRPORT GA US,53:00.0,2003,6,1
LOS ANGELES INTERNATIONAL AIRPORT CA US,25:00.0,2003,6,1
LOS ANGELES INTERNATIONAL AIRPORT CA US,50:00.0,2003,6,1
PHILADELPHIA INTERNATIONAL AIRPORT PA US,19:00.0,2003,6,1
PHILADELPHIA INTERNATIONAL AIRPORT PA US,54:00.0,2003,6,1
PHILADELPHIA INTERNATIONAL AIRPORT PA US,05:00.0,2003,6,1
CHICAGO MIDWAY AIRPORT IL US,05:00.0,2003,6,3
BOSTON MA US,54:00.0,2003,6,32
BOSTON MA US,54:00.0,2003,6,32
LOS ANGELES INTERNATIONAL AIRPORT CA US,50:00.0,2003,6,1
SAN FRANCISCO INTERNATIONAL AIRPORT CA US,56:00.0,2004,0.41,90
SAN FRANCISCO INTERNATIONAL AIRPORT CA US,00:00.0,2004,0.41,90
PHILADELPHIA INTERNATIONAL AIRPORT PA US,54:00.0,2004,6,1
BOSTON MA US,54:00.0,2004,6,32
BOSTON MA US,54:00.0,2004,6,32
LOS ANGELES INTERNATIONAL AIRPORT CA US,07:00.0,2004,6,1
SAN FRANCISCO INTERNATIONAL AIRPORT CA US,39:00.0,2004,6,1
CHICAGO MIDWAY AIRPORT IL US,21:00.0,2004,6,3
CHICAGO MIDWAY AIRPORT IL US,36:00.0,2004,6,3
CHICAGO MIDWAY AIRPORT IL US,35:00.0,2004,6,3
CHICAGO MIDWAY AIRPORT IL US,53:00.0,2004,6,3
CHICAGO MIDWAY AIRPORT IL US,46:00.0,2004,6,3
CHICAGO MIDWAY AIRPORT IL US,24:00.0,2004,6,3
CHICAGO MIDWAY AIRPORT IL US,34:00.0,2004,6,3
SAN FRANCISCO INTERNATIONAL AIRPORT CA US,56:00.0,2004,0.43,73
SAN FRANCISCO INTERNATIONAL AIRPORT CA US,00:00.0,2004,0.43,73
CHICAGO MIDWAY AIRPORT IL US,22:00.0,2004,6,3
CHICAGO MIDWAY AIRPORT IL US,16:00.0,2004,6,3
CHICAGO MIDWAY AIRPORT IL US,53:00.0,2004,6,3
CHICAGO MIDWAY AIRPORT IL US,37:00.0,2004,6,3
PHILADELPHIA INTERNATIONAL AIRPORT PA US,05:00.0,2004,6,1
CHICAGO MIDWAY AIRPORT IL US,42:00.0,2004,6,3
LOS ANGELES INTERNATIONAL AIRPORT CA US,50:00.0,2004,0.77,27
CHICAGO MIDWAY AIRPORT IL US,25:00.0,2004,6,3
CHICAGO MIDWAY AIRPORT IL US,03:00.0,2004,6,3
BOSTON MA US,54:00.0,2004,6,32
BOSTON MA US,54:00.0,2004,6,32
BOSTON MA US,54:00.0,2004,6,32
CHICAGO MIDWAY AIRPORT IL US,46:00.0,2004,6,3
CHICAGO MIDWAY AIRPORT IL US,35:00.0,2004,6,3
CHICAGO MIDWAY AIRPORT IL US,37:00.0,2004,6,3
BOSTON MA US,54:00.0,2004,6,32
WASHINGTON REAGAN NATIONAL AIRPORT VA US,00:00.0,2004,1.25,43
DETROIT CITY AIRPORT MI US,44:00.0,2004,0.85,85
DETROIT CITY AIRPORT MI US,53:00.0,2004,0.85,85
WASHINGTON REAGAN NATIONAL AIRPORT VA US,22:00.0,2004,1.06,98
WASHINGTON REAGAN NATIONAL AIRPORT VA US,29:00.0,2004,1.15,67
WASHINGTON REAGAN NATIONAL AIRPORT VA US,38:00.0,2004,1.23,53
WASHINGTON REAGAN NATIONAL AIRPORT VA US,42:00.0,2004,1.33,32
WASHINGTON REAGAN NATIONAL AIRPORT VA US,51:00.0,2004,1.46,23
WASHINGTON REAGAN NATIONAL AIRPORT VA US,00:00.0,2004,1.46,23
ATLANTA HARTSFIELD INTERNATIONAL AIRPORT GA US,51:00.0,2004,1.78,49
BOSTON MA US,28:00.0,2004,6,32
BOSTON MA US,54:00.0,2004,6,32
SAN FRANCISCO INTERNATIONAL AIRPORT CA US,00:00.0,2004,0.66,15
LOS ANGELES INTERNATIONAL AIRPORT CA US,50:00.0,2004,0.48,99
LOS ANGELES INTERNATIONAL AIRPORT CA US,00:00.0,2004,0.48,99
CHICAGO MIDWAY AIRPORT IL US,38:00.0,2004,6,3
CHICAGO MIDWAY AIRPORT IL US,25:00.0,2004,6,3
BOSTON MA US,46:00.0,2004,6,32
LOS ANGELES INTERNATIONAL AIRPORT CA US,50:00.0,2004,0.8,23
LOS ANGELES INTERNATIONAL AIRPORT CA US,00:00.0,2004,0.8,23
LOS ANGELES INTERNATIONAL AIRPORT CA US,31:00.0,2004,0.59,52
LOS ANGELES INTERNATIONAL AIRPORT CA US,50:00.0,2004,0.61,44
LOS ANGELES INTERNATIONAL AIRPORT CA US,00:00.0,2004,0.61,44
LOS ANGELES INTERNATIONAL AIRPORT CA US,50:00.0,2004,0.66,35
CHICAGO MIDWAY AIRPORT IL US,53:00.0,2004,6,3
CHICAGO MIDWAY AIRPORT IL US,01:00.0,2005,6,3
LOS ANGELES INTERNATIONAL AIRPORT CA US,50:00.0,2005,0.75,29
CHICAGO MIDWAY AIRPORT IL US,22:00.0,2005,6.5,1
SAN FRANCISCO INTERNATIONAL AIRPORT CA US,56:00.0,2005,0.55,36
CHICAGO MIDWAY AIRPORT IL US,01:00.0,2005,6.5,1
BOSTON MA US,38:00.0,2005,6,32
BOSTON MA US,41:00.0,2005,6,32
BOSTON MA US,06:00.0,2005,6,32
BOSTON MA US,42:00.0,2005,6,32
BOSTON MA US,03:00.0,2005,6,32
BOSTON MA US,18:00.0,2005,6,32
ATLANTA HARTSFIELD INTERNATIONAL AIRPORT GA US,23:00.0,2005,1.42,78
ATLANTA HARTSFIELD INTERNATIONAL AIRPORT GA US,33:00.0,2005,2.42,31
ATLANTA HARTSFIELD INTERNATIONAL AIRPORT GA US,41:00.0,2005,3.01,27
ATLANTA HARTSFIELD INTERNATIONAL AIRPORT GA US,51:00.0,2005,3.54,25
ATLANTA HARTSFIELD INTERNATIONAL AIRPORT GA US,51:00.0,2005,1.52,63
ATLANTA HARTSFIELD INTERNATIONAL AIRPORT GA US,51:00.0,2005,1.96,41
MIAMI INTERNATIONAL AIRPORT FL US,39:00.0,2005,2.05,71
MIAMI INTERNATIONAL AIRPORT FL US,33:00.0,2005,2.16,57
MIAMI INTERNATIONAL AIRPORT FL US,53:00.0,2005,2.89,11
PHILADELPHIA INTERNATIONAL AIRPORT PA US,54:00.0,2005,1.39,55
SAN FRANCISCO INTERNATIONAL AIRPORT CA US,56:00.0,2005,0.44,69
WASHINGTON REAGAN NATIONAL AIRPORT VA US,45:00.0,2006,1.1,82
WASHINGTON REAGAN NATIONAL AIRPORT VA US,52:00.0,2006,1.41,27
WASHINGTON REAGAN NATIONAL AIRPORT VA US,26:00.0,2006,1.4,28
WASHINGTON REAGAN NATIONAL AIRPORT VA US,33:00.0,2006,1.47,20
WASHINGTON REAGAN NATIONAL AIRPORT VA US,35:00.0,2006,1.49,19
WASHINGTON REAGAN NATIONAL AIRPORT VA US,52:00.0,2006,1.93,6
WASHINGTON REAGAN NATIONAL AIRPORT VA US,52:00.0,2006,1.63,9
PHILADELPHIA INTERNATIONAL AIRPORT PA US,54:00.0,2006,1.23,91
ATLANTA HARTSFIELD INTERNATIONAL AIRPORT GA US,52:00.0,2006,1.49,68
ATLANTA HARTSFIELD INTERNATIONAL AIRPORT GA US,43:00.0,2006,1.93,46
ATLANTA HARTSFIELD INTERNATIONAL AIRPORT GA US,52:00.0,2006,1.96,41
MIAMI INTERNATIONAL AIRPORT FL US,53:00.0,2006,3.43,5
MIAMI INTERNATIONAL AIRPORT FL US,53:00.0,2006,3.19,8
CHICAGO MIDWAY AIRPORT IL US,29:00.0,2006,1.38,89
CHICAGO MIDWAY AIRPORT IL US,37:00.0,2006,1.44,80
MIAMI INTERNATIONAL AIRPORT FL US,53:00.0,2007,2.45,28
BOSTON MA US,43:00.0,2007,1.33,90
BOSTON MA US,46:00.0,2007,1.33,90
BOSTON MA US,48:00.0,2007,1.33,90
BOSTON MA US,54:00.0,2007,1.21,99
BOSTON MA US,36:00.0,2007,1.26,97
BOSTON MA US,47:00.0,2007,1.56,84
BOSTON MA US,54:00.0,2007,1.61,82
WASHINGTON REAGAN NATIONAL AIRPORT VA US,52:00.0,2007,1.07,95
DETROIT CITY AIRPORT MI US,19:00.0,2007,0.81,97
DETROIT CITY AIRPORT MI US,25:00.0,2007,0.86,81
DETROIT CITY AIRPORT MI US,34:00.0,2007,0.88,77
ATLANTA HARTSFIELD INTERNATIONAL AIRPORT GA US,52:00.0,2007,1.33,91
SAN FRANCISCO INTERNATIONAL AIRPORT CA US,52:00.0,2007,0.66,15
SAN FRANCISCO INTERNATIONAL AIRPORT CA US,56:00.0,2007,0.64,19
BOSTON MA US,49:00.0,2008,9.99,7
BOSTON MA US,00:00.0,2008,9.99,7
BOSTON MA US,17:00.0,2008,10,5
BOSTON MA US,51:00.0,2008,10.07,1
BOSTON MA US,00:00.0,2008,10.07,1
BOSTON MA US,34:00.0,2008,9.95,21
BOSTON MA US,00:00.0,2008,9.97,19
BOSTON MA US,50:00.0,2008,9.98,9
BOSTON MA US,00:00.0,2008,9.98,9
BOSTON MA US,00:00.0,2008,9.98,9
BOSTON MA US,19:00.0,2008,9.98,9
BOSTON MA US,24:00.0,2008,10,5
BOSTON MA US,31:00.0,2008,10.01,4
BOSTON MA US,58:00.0,2008,9.94,25
BOSTON MA US,08:00.0,2008,9.94,25
BOSTON MA US,15:00.0,2008,9.94,25
BOSTON MA US,16:00.0,2008,9.94,25
BOSTON MA US,19:00.0,2008,9.95,21
BOSTON MA US,48:00.0,2008,9.95,21
BOSTON MA US,50:00.0,2008,9.95,21
BOSTON MA US,58:00.0,2008,9.98,9
BOSTON MA US,59:00.0,2008,9.96,20
BOSTON MA US,07:00.0,2008,9.98,9
BOSTON MA US,12:00.0,2008,9.98,9
BOSTON MA US,19:00.0,2008,9.98,9
BOSTON MA US,48:00.0,2008,9.98,9
BOSTON MA US,49:00.0,2008,9.98,9
BOSTON MA US,55:00.0,2008,10.05,3
BOSTON MA US,58:00.0,2008,9.93,29
BOSTON MA US,59:00.0,2008,9.93,29
BOSTON MA US,00:00.0,2008,9.93,29
SAN FRANCISCO INTERNATIONAL AIRPORT CA US,56:00.0,2008,0.42,85
WASHINGTON REAGAN NATIONAL AIRPORT VA US,52:00.0,2008,1.25,43
MIAMI INTERNATIONAL AIRPORT FL US,53:00.0,2008,2.28,42
PHILADELPHIA INTERNATIONAL AIRPORT PA US,30:00.0,2008,1.22,96
PHILADELPHIA INTERNATIONAL AIRPORT PA US,35:00.0,2008,1.28,78
PHILADELPHIA INTERNATIONAL AIRPORT PA US,46:00.0,2008,1.29,76
PHILADELPHIA INTERNATIONAL AIRPORT PA US,54:00.0,2008,1.29,76
WASHINGTON REAGAN NATIONAL AIRPORT VA US,52:00.0,2008,1.15,67
LOS ANGELES INTERNATIONAL AIRPORT CA US,53:00.0,2008,0.59,52
ATLANTA HARTSFIELD INTERNATIONAL AIRPORT GA US,52:00.0,2009,1.35,86
DETROIT CITY AIRPORT MI US,18:00.0,2009,0.98,57
DETROIT CITY AIRPORT MI US,36:00.0,2009,1.37,16
DETROIT CITY AIRPORT MI US,49:00.0,2009,1.49,10
DETROIT CITY AIRPORT MI US,53:00.0,2009,1.36,17
PHILADELPHIA INTERNATIONAL AIRPORT PA US,47:00.0,2009,1.22,96
PHILADELPHIA INTERNATIONAL AIRPORT PA US,49:00.0,2009,1.31,68
PHILADELPHIA INTERNATIONAL AIRPORT PA US,51:00.0,2009,1.36,60
PHILADELPHIA INTERNATIONAL AIRPORT PA US,54:00.0,2009,1.39,55
PHILADELPHIA INTERNATIONAL AIRPORT PA US,54:00.0,2009,1.42,48
PHILADELPHIA INTERNATIONAL AIRPORT PA US,32:00.0,2009,1.36,60
PHILADELPHIA INTERNATIONAL AIRPORT PA US,46:00.0,2009,1.42,48
PHILADELPHIA INTERNATIONAL AIRPORT PA US,54:00.0,2009,1.23,91
SAN FRANCISCO INTERNATIONAL AIRPORT CA US,56:00.0,2010,0.46,57
SAN FRANCISCO INTERNATIONAL AIRPORT CA US,56:00.0,2010,0.45,65
LOS ANGELES INTERNATIONAL AIRPORT CA US,40:00.0,2010,0.96,11
LOS ANGELES INTERNATIONAL AIRPORT CA US,42:00.0,2010,0.96,11
MIAMI INTERNATIONAL AIRPORT FL US,53:00.0,2010,2.13,61
ATLANTA HARTSFIELD INTERNATIONAL AIRPORT GA US,52:00.0,2010,1.58,57
DETROIT CITY AIRPORT MI US,34:00.0,2010,1.04,53
DETROIT CITY AIRPORT MI US,50:00.0,2010,1.15,38
DETROIT CITY AIRPORT MI US,51:00.0,2010,1.15,38
DETROIT CITY AIRPORT MI US,53:00.0,2010,1.16,36
BOSTON MA US,20:00.0,2010,1.5,87
BOSTON MA US,54:00.0,2010,1.51,86
CHICAGO MIDWAY AIRPORT IL US,39:00.0,2010,1.4,84
CHICAGO MIDWAY AIRPORT IL US,51:00.0,2010,1.54,73
CHICAGO MIDWAY AIRPORT IL US,48:00.0,2010,1.36,93
CHICAGO MIDWAY AIRPORT IL US,51:00.0,2010,1.54,73
PHILADELPHIA INTERNATIONAL AIRPORT PA US,28:00.0,2010,1.34,64
PHILADELPHIA INTERNATIONAL AIRPORT PA US,44:00.0,2010,1.37,59
PHILADELPHIA INTERNATIONAL AIRPORT PA US,54:00.0,2010,1.24,89
ATLANTA HARTSFIELD INTERNATIONAL AIRPORT GA US,52:00.0,2011,1.31,98
MIAMI INTERNATIONAL AIRPORT FL US,53:00.0,2011,2,79
DETROIT CITY AIRPORT MI US,17:00.0,2011,0.96,61
DETROIT CITY AIRPORT MI US,26:00.0,2011,1.17,32
DETROIT CITY AIRPORT MI US,31:00.0,2011,1.23,25
DETROIT CITY AIRPORT MI US,44:00.0,2011,1.41,14
DETROIT CITY AIRPORT MI US,47:00.0,2011,1.47,11
DETROIT CITY AIRPORT MI US,53:00.0,2011,1.47,11
CHICAGO MIDWAY AIRPORT IL US,51:00.0,2011,1.31,96
MIAMI INTERNATIONAL AIRPORT FL US,53:00.0,2011,2.32,38
PHILADELPHIA INTERNATIONAL AIRPORT PA US,54:00.0,2011,1.27,80
WASHINGTON REAGAN NATIONAL AIRPORT VA US,52:00.0,2011,1.22,55
PHILADELPHIA INTERNATIONAL AIRPORT PA US,54:00.0,2011,1.26,81
PHILADELPHIA INTERNATIONAL AIRPORT PA US,32:00.0,2011,1.23,91
PHILADELPHIA INTERNATIONAL AIRPORT PA US,35:00.0,2011,1.25,83
PHILADELPHIA INTERNATIONAL AIRPORT PA US,42:00.0,2011,1.25,83
PHILADELPHIA INTERNATIONAL AIRPORT PA US,49:00.0,2011,1.25,83
PHILADELPHIA INTERNATIONAL AIRPORT PA US,51:00.0,2011,1.25,83
PHILADELPHIA INTERNATIONAL AIRPORT PA US,54:00.0,2011,1.31,68
LOS ANGELES INTERNATIONAL AIRPORT CA US,53:00.0,2012,0.53,70
LOS ANGELES INTERNATIONAL AIRPORT CA US,17:00.0,2012,0.96,11
MIAMI INTERNATIONAL AIRPORT FL US,53:00.0,2012,4.01,2
MIAMI INTERNATIONAL AIRPORT FL US,53:00.0,2012,2.02,76
MIAMI INTERNATIONAL AIRPORT FL US,53:00.0,2012,2.07,69
DETROIT CITY AIRPORT MI US,26:00.0,2012,0.95,67
DETROIT CITY AIRPORT MI US,28:00.0,2012,0.96,61
DETROIT CITY AIRPORT MI US,53:00.0,2012,0.96,61
ATLANTA HARTSFIELD INTERNATIONAL AIRPORT GA US,27:00.0,2012,1.4,80
ATLANTA HARTSFIELD INTERNATIONAL AIRPORT GA US,31:00.0,2012,1.5,67
ATLANTA HARTSFIELD INTERNATIONAL AIRPORT GA US,45:00.0,2012,1.52,63
ATLANTA HARTSFIELD INTERNATIONAL AIRPORT GA US,52:00.0,2012,1.62,55
MIAMI INTERNATIONAL AIRPORT FL US,53:00.0,2012,2.12,63
BOSTON MA US,44:00.0,2012,1.27,96
BOSTON MA US,48:00.0,2012,1.29,95
BOSTON MA US,54:00.0,2012,1.33,90
CHICAGO MIDWAY AIRPORT IL US,51:00.0,2012,1.32,95
WASHINGTON REAGAN NATIONAL AIRPORT VA US,46:00.0,2012,1.21,56
WASHINGTON REAGAN NATIONAL AIRPORT VA US,52:00.0,2012,1.21,56
PHILADELPHIA INTERNATIONAL AIRPORT PA US,50:00.0,2012,1.41,51
PHILADELPHIA INTERNATIONAL AIRPORT PA US,52:00.0,2012,1.47,41
PHILADELPHIA INTERNATIONAL AIRPORT PA US,54:00.0,2012,1.46,44
LOS ANGELES INTERNATIONAL AIRPORT CA US,53:00.0,2012,0.59,52
MIAMI INTERNATIONAL AIRPORT FL US,53:00.0,2013,2.7,15
WASHINGTON REAGAN NATIONAL AIRPORT VA US,14:00.0,2013,1.21,56
WASHINGTON REAGAN NATIONAL AIRPORT VA US,18:00.0,2013,1.25,43
WASHINGTON REAGAN NATIONAL AIRPORT VA US,21:00.0,2013,1.28,41
WASHINGTON REAGAN NATIONAL AIRPORT VA US,25:00.0,2013,1.31,36
WASHINGTON REAGAN NATIONAL AIRPORT VA US,31:00.0,2013,1.32,34
WASHINGTON REAGAN NATIONAL AIRPORT VA US,47:00.0,2013,1.33,32
WASHINGTON REAGAN NATIONAL AIRPORT VA US,52:00.0,2013,1.17,63
CHICAGO MIDWAY AIRPORT IL US,39:00.0,2013,1.59,69
CHICAGO MIDWAY AIRPORT IL US,51:00.0,2013,1.84,56
ATLANTA HARTSFIELD INTERNATIONAL AIRPORT GA US,52:00.0,2013,2.17,36
ATLANTA HARTSFIELD INTERNATIONAL AIRPORT GA US,37:00.0,2013,1.41,79
ATLANTA HARTSFIELD INTERNATIONAL AIRPORT GA US,49:00.0,2013,1.44,75
WASHINGTON REAGAN NATIONAL AIRPORT VA US,52:00.0,2013,1.2,59
PHILADELPHIA INTERNATIONAL AIRPORT PA US,54:00.0,2013,1.24,89
PHILADELPHIA INTERNATIONAL AIRPORT PA US,54:00.0,2013,1.21,98
PHILADELPHIA INTERNATIONAL AIRPORT PA US,39:00.0,2013,1.25,83
PHILADELPHIA INTERNATIONAL AIRPORT PA US,41:00.0,2013,1.42,48
PHILADELPHIA INTERNATIONAL AIRPORT PA US,54:00.0,2013,2.86,15
PHILADELPHIA INTERNATIONAL AIRPORT PA US,23:00.0,2013,1.3,72
PHILADELPHIA INTERNATIONAL AIRPORT PA US,29:00.0,2013,1.33,65
PHILADELPHIA INTERNATIONAL AIRPORT PA US,54:00.0,2013,1.73,20
PHILADELPHIA INTERNATIONAL AIRPORT PA US,37:00.0,2013,1.39,55
PHILADELPHIA INTERNATIONAL AIRPORT PA US,46:00.0,2013,1.51,33
PHILADELPHIA INTERNATIONAL AIRPORT PA US,54:00.0,2013,1.4,54
PHILADELPHIA INTERNATIONAL AIRPORT PA US,44:00.0,2013,1.32,66
PHILADELPHIA INTERNATIONAL AIRPORT PA US,54:00.0,2013,1.36,60
ATLANTA HARTSFIELD INTERNATIONAL AIRPORT GA US,52:00.0,2013,1.36,85
PHILADELPHIA INTERNATIONAL AIRPORT PA US,24:00.0,2013,1.28,78
PHILADELPHIA INTERNATIONAL AIRPORT PA US,37:00.0,2013,1.51,33
PHILADELPHIA INTERNATIONAL AIRPORT PA US,42:00.0,2013,1.61,27
PHILADELPHIA INTERNATIONAL AIRPORT PA US,45:00.0,2013,1.67,22
PHILADELPHIA INTERNATIONAL AIRPORT PA US,48:00.0,2013,1.67,22
PHILADELPHIA INTERNATIONAL AIRPORT PA US,54:00.0,2013,1.48,39
DETROIT CITY AIRPORT MI US,45:00.0,2013,0.82,96
DETROIT CITY AIRPORT MI US,53:00.0,2013,1.43,13
MIAMI INTERNATIONAL AIRPORT FL US,30:00.0,2013,2.1,65
MIAMI INTERNATIONAL AIRPORT FL US,53:00.0,2013,1.99,85
WASHINGTON REAGAN NATIONAL AIRPORT VA US,47:00.0,2014,1.09,88
PHILADELPHIA INTERNATIONAL AIRPORT PA US,30:00.0,2014,1.48,39
PHILADELPHIA INTERNATIONAL AIRPORT PA US,40:00.0,2014,1.54,29
PHILADELPHIA INTERNATIONAL AIRPORT PA US,47:00.0,2014,1.54,29
PHILADELPHIA INTERNATIONAL AIRPORT PA US,54:00.0,2014,1.51,33
MIAMI INTERNATIONAL AIRPORT FL US,53:00.0,2014,2.03,74
MIAMI INTERNATIONAL AIRPORT FL US,53:00.0,2014,2.21,51
WASHINGTON REAGAN NATIONAL AIRPORT VA US,31:00.0,2014,1.07,95
WASHINGTON REAGAN NATIONAL AIRPORT VA US,37:00.0,2014,1.1,82
WASHINGTON REAGAN NATIONAL AIRPORT VA US,44:00.0,2014,1.1,82
WASHINGTON REAGAN NATIONAL AIRPORT VA US,52:00.0,2014,1.08,90
DETROIT CITY AIRPORT MI US,46:00.0,2014,0.96,61
DETROIT CITY AIRPORT MI US,53:00.0,2014,1.14,40
PHILADELPHIA INTERNATIONAL AIRPORT PA US,54:00.0,2014,1.25,83
MIAMI INTERNATIONAL AIRPORT FL US,38:00.0,2014,2.17,54
ATLANTA HARTSFIELD INTERNATIONAL AIRPORT GA US,19:00.0,2014,2.01,39
ATLANTA HARTSFIELD INTERNATIONAL AIRPORT GA US,32:00.0,2014,2.26,35
ATLANTA HARTSFIELD INTERNATIONAL AIRPORT GA US,34:00.0,2014,2.27,34
ATLANTA HARTSFIELD INTERNATIONAL AIRPORT GA US,41:00.0,2014,2.45,30
ATLANTA HARTSFIELD INTERNATIONAL AIRPORT GA US,46:00.0,2014,2.46,29
ATLANTA HARTSFIELD INTERNATIONAL AIRPORT GA US,52:00.0,2014,2.11,38
DETROIT CITY AIRPORT MI US,53:00.0,2014,0.96,61
DETROIT CITY AIRPORT MI US,38:00.0,2014,1.14,40
DETROIT CITY AIRPORT MI US,47:00.0,2014,1.22,28
DETROIT CITY AIRPORT MI US,51:00.0,2014,1.23,25
DETROIT CITY AIRPORT MI US,53:00.0,2014,1.24,24
DETROIT CITY AIRPORT MI US,45:00.0,2014,0.86,81
DETROIT CITY AIRPORT MI US,49:00.0,2014,0.89,76
DETROIT CITY AIRPORT MI US,53:00.0,2014,0.97,58
DETROIT CITY AIRPORT MI US,17:00.0,2014,0.93,70
DETROIT CITY AIRPORT MI US,27:00.0,2014,1.12,43
DETROIT CITY AIRPORT MI US,35:00.0,2014,1.14,40
DETROIT CITY AIRPORT MI US,49:00.0,2014,1.17,32
DETROIT CITY AIRPORT MI US,53:00.0,2014,1.12,43
CHICAGO MIDWAY AIRPORT IL US,51:00.0,2014,1.9,54
DETROIT CITY AIRPORT MI US,53:00.0,2014,1.25,22
SAN FRANCISCO INTERNATIONAL AIRPORT CA US,56:00.0,2014,0.71,6
LOS ANGELES INTERNATIONAL AIRPORT CA US,31:00.0,2014,0.52,76
LOS ANGELES INTERNATIONAL AIRPORT CA US,53:00.0,2014,0.62,43
SAN FRANCISCO INTERNATIONAL AIRPORT CA US,51:00.0,2015,0.44,69
SAN FRANCISCO INTERNATIONAL AIRPORT CA US,56:00.0,2015,0.46,57
WASHINGTON REAGAN NATIONAL AIRPORT VA US,50:00.0,2015,1.25,43
WASHINGTON REAGAN NATIONAL AIRPORT VA US,52:00.0,2015,1.51,16
WASHINGTON REAGAN NATIONAL AIRPORT VA US,42:00.0,2015,1.13,76
WASHINGTON REAGAN NATIONAL AIRPORT VA US,52:00.0,2015,1.11,81
ATLANTA HARTSFIELD INTERNATIONAL AIRPORT GA US,52:00.0,2015,1.33,91
PHILADELPHIA INTERNATIONAL AIRPORT PA US,54:00.0,2015,1.46,44
SAN FRANCISCO INTERNATIONAL AIRPORT CA US,56:00.0,2015,0.49,44
LOS ANGELES INTERNATIONAL AIRPORT CA US,34:00.0,2016,0.49,90
LOS ANGELES INTERNATIONAL AIRPORT CA US,53:00.0,2016,0.48,99
DETROIT CITY AIRPORT MI US,13:00.0,2016,0.97,58
DETROIT CITY AIRPORT MI US,20:00.0,2016,1.26,20
DETROIT CITY AIRPORT MI US,32:00.0,2016,1.53,8
DETROIT CITY AIRPORT MI US,42:00.0,2016,1.73,3
DETROIT CITY AIRPORT MI US,53:00.0,2016,2.55,1
MIAMI INTERNATIONAL AIRPORT FL US,53:00.0,2016,2.19,53
DETROIT CITY AIRPORT MI US,41:00.0,2016,1.16,36
DETROIT CITY AIRPORT MI US,53:00.0,2016,1.58,6
DETROIT CITY AIRPORT MI US,53:00.0,2016,0.81,97
ATLANTA HARTSFIELD INTERNATIONAL AIRPORT GA US,52:00.0,2016,1.48,70
DETROIT CITY AIRPORT MI US,53:00.0,2016,0.94,69
DETROIT CITY AIRPORT MI US,50:00.0,2016,0.83,93
DETROIT CITY AIRPORT MI US,51:00.0,2016,1.12,43
DETROIT CITY AIRPORT MI US,40:00.0,2016,0.83,93
DETROIT CITY AIRPORT MI US,44:00.0,2016,0.84,90
DETROIT CITY AIRPORT MI US,48:00.0,2016,0.85,85
